<?xml version="1.0" encoding="UTF-8"?>
<bookmarks>
   <site url="http://download.aptana.com/tools/studio/plugin/install/studio" selected="true" name="Aptana IDE"/>
   <site url="http://download.aptana.org/tools/studio/plugin/install/xul" selected="true" name="Aptana XUL Update Site"/>
   <site url="http://download.eclipse.org/releases/helios" selected="true" name="Helios"/>
   <site url="http://download.formdev.com/jformdesigner/eclipse/" selected="true" name="JForm Designer Update Sites"/>
   <site url="http://cbes.javaforge.com/update" selected="true" name="Mercurial Eclipse"/>
   <site url="http://download.aptana.org/tools/studio/plugin/install/xul-eclipse" selected="true" name="Mozilla XUL Update Site"/>
   <site url="http://download.eclipse.org/tools/mylyn/update/helios" selected="true" name="Mylyn for Eclipse Helios"/>
   <site url="http://pydev.org/updates/" selected="true" name="Pydev Update Site"/>
   <site url="http://download.eclipse.org/eclipse/updates/3.6" selected="true" name="The Eclipse Project Updates"/>
   <site url="http://www.yourkit.com:80/download/yourkit80_eclipse34/" selected="true" name="YouKit Profiler"/>
</bookmarks>
